key,fullName,email,passportNumber,dateOfBirth,specialNeeds,draft-mode,key:customer
passenger-01,John Doe,"lorem-ipsum@dolor.sit.amet.consectetur.adipiscing.elit.sed.do.eiusmod.tempor.incididunt.ut.labore.et.dolore.magna.aliqua.Ut.enim.ad.minim.veniam.quis.nostrud.exercitation.ullamco.laboris.nisi.ut.aliquip.ex.commodo.consequat.duis.aute.irure.dolor.est.com",AB123456,2000/06/15 08:30,Vegetarian,false,customer-01
passenger-02,Jane Smith,acme@lorem-ipsum.org,CD789012,2001/09/21 14:45,Wheelchair,true,customer-02
passenger-03,Mike Johnson,mike.johnson@example.com,EF345678,2004/02/03 10:00,,true,customer-02
passenger-04,Emily Davis,emily.davis@example.com,GH901234,2010/07/19 16:20,Gluten-free,true,customer-01
passenger-05,Chris Brown,chris.brown@example.com,IJP67890,2008/12/05 09:15,,false,customer-01
passenger-06,张伟 (Zhang Wei),zhang.wei@example.com,KL234567,2001/03/25 12:00,,true,customer-02
passenger-07,محمد علي (Mohammed Ali),mohammed.ali@example.com,MNYU5678,2002/05/12 15:00,Vegetarian,false,customer-02
passenger-08,สมชาย ใจดี (Somchai Jaidee),somchai.jaidee@example.com,OP456789,2015/11/30 09:45,,true,customer-01
passenger-09,罗俊 (Luo Jun),luo.jun@example.com,PQ567890,2000/01/01 00:30,Wheelchair,true,customer-02
passenger-10,سارة محمد (Sarah Mohamed),sarah.mohamed@example.com,RS678901,2008/07/14 14:30,Gluten-free,true,customer-01
passenger-11,ไกรทอง (Kraitong),kraitong@example.com,ST789012,2023/09/09 13:25,,true,customer-01
passenger-12,张婷 (Zhang Ting),zhang.ting@example.com,UV890123,2007/01/22 11:50,,false,customer-02
passenger-13,Reza Farhan,reza.farhan@example.com,AA123456,2000/01/01 00:00,,false,customer-01
passenger-14,شادي فهد (Shadi Fahd),shadi.fahd@example.com,BB234567,2004/10/01 19:15,,true,customer-01
passenger-15,ลัดดาวัลย์ (Laddawan),a@b.esx,CC345678,2012/12/03 10:30,,true,customer-02
passenger-16,L,lorem-ipsum@dolor.sit.amet.consectetur.adipiscing.elit.sed.do.eiusmod.tempor.incididunt.ut.labore.et.dolore.magna.aliqua.Ut.enim.ad.minim.veniam.quis.nostrud.exercitation.ullamco.laboris.nisi.ut.aliquip.ex.ea.commodo.consequat.duis.aute.irure.doloris.edu,DD456789,2019/01/01 00:00,,true,customer-01
passenger-17,Lorem Ipsumdolor cididunt ut labore et dolore magna aliqua Ut enim ad minim veniam quis nostrud exercitation ullamco laboris nisi ut aliquip ex ea commodo consequat Duis aute irure dolor in reprehenderit,a@b.esx,EE567890,2009/08/15 12:30,,true,customer-01
passenger-18,<marquee>Hacked</marquee>,acmepassword@lorem-ipsum.org,FF678901,2020/02/29 10:00,,false,customer-02
passenger-19,<script>alert('Hacked!');</script>,alert@example.com,GG789012,2022/07/30 00:00,,false,customer-01
passenger-20,Oliver Miller,oliver.miller@example.com,EB63B8GT,2005/03/15 08:45,Vegetarian,true,customer-02
passenger-21,Emma Wilson,a@b.es,8S9ZHQQ,2003/07/29 10:30,Wheelchair,true,customer-02
passenger-22,William Moore,lorem-ipsum@dolor.sit.amet.consectetur.adipiscing.elit.sed.do.eiusmod.tempor.incididunt.ut.labore.et.dolore.magna.aliqua.Ut.enim.ad.minim.veniam.quis.nostrud.exercitation.ullamco.laboris.nisi.ut.aliquip.ex.ea.commodo.consequat.duis.aute.irure.dolor.es.org,I0IFIUVV,2008/11/12 14:20,لوريم إيبسوم,true,customer-02
passenger-23,Ava Taylor,a@b.e,OT3I9AY0R,2012/05/07 11:05,<script>alert(‘Hacked!’);</script>,false,customer-01
passenger-24,James Brown,james.brown@example.com,EEFWGT6,2007/09/19 09:40,لوريم إيبسوم,true,customer-02
passenger-25,Sophia Davis,acmepassword@lorem-ipsum.org,4BYBKX,2010/04/18 15:25,,true,customer-01
passenger-26,Jackson Garcia,lorem-ipsum@dolor.sit.amet.consectetur.adipiscing.elit.sed.do.eiusmod.tempor.incididunt.ut.labore.et.dolore.magna.aliqua.Ut.enim.ad.minim.veniam.quis.nostrud.exercitation.ullamco.laboris.nisi.ut.aliquip.ex.ea.commodo.consequat.duis.aute.irure.doloris.edu,Z7UUM1WZ,2002/01/22 13:15,,true,customer-02
passenger-27,Isabella Martinez,isabella.martinez@example.com,KGQDBO9,2009/10/05 12:50,Vegetarian,true,customer-01
passenger-28,Mason Lee,mason.lee@example.com,OQNWNAI,2013/02/17 16:30,洛伦·伊普森,false,customer-01
passenger-29,Amelia Perez,amelia.perez@example.com,ZV949L,2004/06/02 10:00,'' or 'A' = 'A ,true,customer-02
passenger-30,Henry Harris,henry.harris@example.com,K57PA16,2000/01/01 00:01,Gluten-free,false,customer-01
passenger-31,Charlotte Clark,charlotte.clark@example.com,1179L7,2006/12/14 14:45,,true,customer-02
passenger-32,Daniel Walker,daniel.walker@example.com,AHW4GQQ,2000/09/30 10:10,โลเร็ม อิปซัม,true,customer-02
passenger-33,Chloe Allen,chloe.allen@example.com,NSEHMJ047,2014/01/18 13:25,L,false,customer-02
passenger-34,El,elijah.young@example.com,PJGGIE,2003/05/11 09:35,,true,customer-02
passenger-35,Scarlett King,scarlett.king@example.com,W3VRN8,2024/12/31 23:59,,false,customer-02
passenger-36,Lorem ipsum dolor sit amet consectetur adipiscing elit. Sed do: eiusmod tempor incididunt ut labore et dolore magna aliqua! ,benjamin.scott@example.com,DCAFTW,2001/04/13 16:00,,false,customer-02
passenger-37,Eleanor Green,eleanor.green@example.com,LWZF8EO,2011/02/23 11:40,โลเร็ม อิปซัม,true,customer-02
passenger-38,Heathrow AirportHeathrow AirportHeathrow AirportHeathrow AirportHeathrow AirportHeathrow AirportHeathrow AirportHeathrow AirportHeathrow AirportHeathrow AirportHeathrow AirportHeathrow AirportHeathrow AirportHeathrow AirportHeathrow AirportHeathrow,lucas.adams@example.com,6DHG9OT,2009/09/25 13:55,LoremipsumdolorsiametconsecteturadipiscingLoremip,false,customer-01
passenger-39,Heathrow AirportHeathrow AirportHeathrow AirportHeathrow AirportHeathrow AirportHeathrow AirportHeathrow AirportHeathrow AirportHeathrow AirportHeathrow AirportHeathrow AirportHeathrow AirportHeathrow AirportHeathrow AirportHeathrow AirportHeathrowww,victoria.nelson@example.com,K2QE2N,2006/12/01 17:10,LoremipsumdolorsiametconsecteturadipiscingLoremips,false,customer-02
passenger-40,H,henry.carter@example.com,EB63B8GT,2025/01/01 00:00,<marquee>Hacked</marquee>,true,customer-01



